"id","site","job_url","job_url_direct","title","company","location","date_posted","job_type","salary_source","interval","min_amount","max_amount","currency","is_remote","job_level","job_function","listing_type","emails","description","company_industry","company_url","company_logo","company_url_direct","company_addresses","company_num_employees","company_revenue","company_description","skills","experience_range","company_rating","company_reviews_count","vacancy_count","work_from_home_type","search_type"
"li-4265692339","linkedin","https://www.linkedin.com/jobs/view/4265692339","","Jr. Full Stack Engineer - React (Entry Level) (Remote)","Jobright.ai","","","","","","","","",True,"","","","","","","https://www.linkedin.com/company/jobright-ai","","","","","","","","","","","","","Traditional Job"
"li-4265813246","linkedin","https://www.linkedin.com/jobs/view/4265813246","","Jr. Full Stack Engineer - React, Entry Level (Remote)","Jobright.ai","","","","","","","","",True,"","","","","","","https://www.linkedin.com/company/jobright-ai","","","","","","","","","","","","","Traditional Job"
"li-4265808933","linkedin","https://www.linkedin.com/jobs/view/4265808933","","Frontend Developer - Entry Level (Remote)","Jobright.ai","","","","","","","","",True,"","","","","","","https://www.linkedin.com/company/jobright-ai","","","","","","","","","","","","","Traditional Job"
"li-4265724035","linkedin","https://www.linkedin.com/jobs/view/4265724035","","React Developer (M/F) - Remote","Sysmatch","Viseu, Viseu, Portugal","","","","","","","",True,"","","","","","","https://pt.linkedin.com/company/sysmatch","","","","","","","","","","","","","Traditional Job"
"li-4265810740","linkedin","https://www.linkedin.com/jobs/view/4265810740","","Frontend Developer, Entry Level (Remote)","Jobright.ai","","","","","","","","",True,"","","","","","","https://www.linkedin.com/company/jobright-ai","","","","","","","","","","","","","Traditional Job"
"li-4265810916","linkedin","https://www.linkedin.com/jobs/view/4265810916","","React Developer, Entry Level (Remote)","Jobright.ai","","","","","","","","",True,"","","","","","","https://www.linkedin.com/company/jobright-ai","","","","","","","","","","","","","Traditional Job"
"li-4265812115","linkedin","https://www.linkedin.com/jobs/view/4265812115","","Web Developer, Entry Level (Remote)","Jobright.ai","","","","","","","","",True,"","","","","","","https://www.linkedin.com/company/jobright-ai","","","","","","","","","","","","","Traditional Job"
"li-4265691407","linkedin","https://www.linkedin.com/jobs/view/4265691407","","Junior Full Stack Engineer, Entry Level（Remote）","Jobright.ai","","","","","","","","",True,"","","","","","","https://www.linkedin.com/company/jobright-ai","","","","","","","","","","","","","Traditional Job"
"li-4265806735","linkedin","https://www.linkedin.com/jobs/view/4265806735","","Frontend Engineer - Entry Level (Remote)","Jobright.ai","","","","","","","","",True,"","","","","","","https://www.linkedin.com/company/jobright-ai","","","","","","","","","","","","","Traditional Job"
"li-4265728665","linkedin","https://www.linkedin.com/jobs/view/4265728665","","Front End Developer (Fully Remote)","TieTalent","Ghent, Flemish Region, Belgium","","","","","","","",True,"","","","","","","https://ch.linkedin.com/company/tietalent","","","","","","","","","","","","","Traditional Job"
